txn_id,accm_txn_complete_time
1,2026-03-16 03:01:00
2,2026-03-16 08:15:00
3,2026-03-12 04:47:00
4,2026-03-11 21:47:00
5,2026-03-15 02:37:00
6,2026-03-14 01:01:00
7,2026-03-11 06:14:00
8,2026-03-15 19:01:00
9,2026-03-15 06:45:00
10,2026-03-16 22:34:00
11,2026-03-14 07:28:00
12,2026-03-15 08:51:00
13,2026-03-17 00:48:00
14,2026-03-17 05:44:00
15,2026-03-14 10:17:00
16,2026-03-12 06:48:00
17,2026-03-13 03:05:00
18,2026-03-14 03:22:00
19,2026-03-17 11:38:00
20,2026-03-13 01:46:00
21,2026-03-14 17:07:00
22,2026-03-14 02:35:00
23,2026-03-13 20:39:00
24,2026-03-17 11:36:00
25,2026-03-12 22:04:00
26,2026-03-11 21:14:00
27,2026-03-17 09:05:00
28,2026-03-17 07:55:00
29,2026-03-11 12:17:00
30,2026-03-14 20:53:00
31,2026-03-13 05:23:00
32,2026-03-13 06:42:00
33,2026-03-13 22:59:00
34,2026-03-16 20:04:00
35,2026-03-15 20:10:00
36,2026-03-15 23:15:00
37,2026-03-12 14:24:00
38,2026-03-13 20:44:00
39,2026-03-15 07:43:00
40,2026-03-13 01:14:00
41,2026-03-17 01:51:00
42,2026-03-13 12:17:00
43,2026-03-11 06:58:00
44,2026-03-15 22:20:00
45,2026-03-12 20:31:00
46,2026-03-14 20:29:00
47,2026-03-12 08:08:00
48,2026-03-12 23:35:00
49,2026-03-15 08:47:00
50,2026-03-15 13:57:00
51,2026-03-15 12:23:00
52,2026-03-12 04:32:00
53,2026-03-14 02:48:00
54,2026-03-11 03:09:00
55,2026-03-16 05:50:00
56,2026-03-16 13:38:00
57,2026-03-11 12:24:00
58,2026-03-15 14:33:00
59,2026-03-13 17:55:00
60,2026-03-11 21:46:00
61,2026-03-11 21:56:00
62,2026-03-15 08:49:00
63,2026-03-16 10:07:00
64,2026-03-13 13:10:00
65,2026-03-14 00:46:00
66,2026-03-16 08:32:00
67,2026-03-17 05:32:00
68,2026-03-11 20:19:00
69,2026-03-17 20:32:00
70,2026-03-15 06:09:00
71,2026-03-13 05:34:00
72,2026-03-17 16:58:00
73,2026-03-11 19:20:00
74,2026-03-14 00:07:00
75,2026-03-13 09:15:00
76,2026-03-11 07:56:00
77,2026-03-15 02:05:00
78,2026-03-16 15:52:00
79,2026-03-11 17:49:00
80,2026-03-12 04:42:00
81,2026-03-14 17:10:00
82,2026-03-13 16:55:00
83,2026-03-15 13:13:00
84,2026-03-15 23:44:00
85,2026-03-12 22:19:00
86,2026-03-14 21:41:00
87,2026-03-13 14:57:00
88,2026-03-15 14:07:00
89,2026-03-12 07:04:00
90,2026-03-13 00:37:00
91,2026-03-15 07:37:00
92,2026-03-12 00:04:00
93,2026-03-16 20:03:00
94,2026-03-12 02:57:00
95,2026-03-11 10:04:00
96,2026-03-15 07:17:00
97,2026-03-16 15:13:00
98,2026-03-15 04:46:00
99,2026-03-15 18:30:00
100,2026-03-12 15:51:00
101,2026-03-14 06:06:00
102,2026-03-11 21:27:00
103,2026-03-13 13:26:00
104,2026-03-14 23:03:00
105,2026-03-16 20:41:00
106,2026-03-11 01:25:00
107,2026-03-16 10:51:00
108,2026-03-17 03:15:00
109,2026-03-12 06:34:00
110,2026-03-14 04:27:00
111,2026-03-12 08:29:00
112,2026-03-12 02:28:00
113,2026-03-17 17:06:00
114,2026-03-11 20:34:00
115,2026-03-17 00:05:00
116,2026-03-17 07:10:00
117,2026-03-14 15:30:00
118,2026-03-12 12:57:00
119,2026-03-11 05:24:00
120,2026-03-11 12:16:00
121,2026-03-17 14:18:00
122,2026-03-14 22:46:00
123,2026-03-17 17:42:00
124,2026-03-16 15:09:00
125,2026-03-12 09:13:00
126,2026-03-11 18:47:00
127,2026-03-15 01:47:00
128,2026-03-13 01:03:00
129,2026-03-15 15:32:00
130,2026-03-17 16:10:00
131,2026-03-11 16:05:00
132,2026-03-17 05:04:00
133,2026-03-15 02:43:00
134,2026-03-17 07:25:00
135,2026-03-11 18:15:00
136,2026-03-15 19:02:00
137,2026-03-15 02:26:00
138,2026-03-16 18:36:00
139,2026-03-15 10:59:00
140,2026-03-13 06:42:00
141,2026-03-16 10:15:00
142,2026-03-13 12:08:00
143,2026-03-16 20:19:00
144,2026-03-14 10:59:00
145,2026-03-17 02:00:00
146,2026-03-14 19:36:00
147,2026-03-11 02:34:00
148,2026-03-12 16:16:00
149,2026-03-12 11:56:00
150,2026-03-11 07:23:00
151,2026-03-13 05:28:00
152,2026-03-17 17:45:00
153,2026-03-13 19:51:00
154,2026-03-16 16:00:00
155,2026-03-16 17:19:00
156,2026-03-16 03:56:00
157,2026-03-12 08:07:00
158,2026-03-11 23:35:00
159,2026-03-12 08:18:00
160,2026-03-15 06:45:00
161,2026-03-13 06:43:00
162,2026-03-16 08:32:00
163,2026-03-14 08:57:00
164,2026-03-17 01:05:00
165,2026-03-16 13:53:00
166,2026-03-13 01:00:00
167,2026-03-13 04:40:00
168,2026-03-13 05:47:00
169,2026-03-14 17:45:00
170,2026-03-14 17:00:00
171,2026-03-11 02:56:00
172,2026-03-16 04:34:00
173,2026-03-11 11:37:00
174,2026-03-15 04:27:00
175,2026-03-12 01:19:00
176,2026-03-13 01:57:00
177,2026-03-13 06:43:00
178,2026-03-12 21:06:00
179,2026-03-13 17:56:00
180,2026-03-17 13:39:00
181,2026-03-16 04:59:00
182,2026-03-12 05:51:00
183,2026-03-17 05:56:00
184,2026-03-14 00:11:00
185,2026-03-16 10:50:00
186,2026-03-14 21:55:00
187,2026-03-16 07:17:00
188,2026-03-12 22:06:00
189,2026-03-14 01:54:00
190,2026-03-14 07:12:00
191,2026-03-17 14:22:00
192,2026-03-13 07:14:00
193,2026-03-11 21:12:00
194,2026-03-14 10:17:00
195,2026-03-17 02:49:00
196,2026-03-13 11:41:00
197,2026-03-15 12:43:00
198,2026-03-17 17:21:00
199,2026-03-11 03:56:00
200,2026-03-13 05:37:00
